produto,preco_real,imagem_url,rating,peso_g,preco_100g,categoria
Cafe com leite 3 coracoes sache 20 gr,1.49,https://americanas.vtexassets.com/arquivos/ids/413080/4879782014_1_xlarge.jpg?v=638750818421200000,5.0,20.0,7.45,Café
Café Almofada Tradicional com 500g Pilão,24.99,https://americanas.vtexassets.com/arquivos/ids/526309/9781619_1_xlarge.jpg?v=638750831339130000,5.0,500.0,5.0,Café
Café Torrado e Moído Tradicional pilão 500g,48.9,https://americanas.vtexassets.com/arquivos/ids/25159275/5966678856_1_xlarge.jpg?v=638755451070930000,0.0,500.0,9.78,Café
Café Solúvel Nescafé Original Vidro 100g,23.99,https://americanas.vtexassets.com/arquivos/ids/483508/104996399_1_xlarge.jpg?v=638750827700930000,5.0,100.0,23.99,Café
CAFE MOIDO GOURMET INTENSO 250G ORFEU,27.99,https://americanas.vtexassets.com/arquivos/ids/472768/7460085826_1_xlarge.jpg?v=638750826953300000,5.0,250.0,11.2,Café
CAFE C LEITE SOLUVEL ORIG 3 COR LATA300G,22.99,https://americanas.vtexassets.com/arquivos/ids/418404/7238061022_1_xlarge.jpg?v=638750819423430000,5.0,300.0,7.66,Café
Café Torrado Em Grãos América Vending 1Kg,,https://americanas.vtexassets.com/arquivos/ids/6874363/7334637378_1_xlarge.jpg?v=638751690831930000,0.0,1000.0,,Café
Café em grãos bialetti roma 500G - bialetti,62.99,https://americanas.vtexassets.com/arquivos/ids/11249128/7467288956_1_xlarge.jpg?v=638754154563770000,0.0,500.0,12.6,Café
CAFE SOULUVEL NESCAFE SACHET 40G NESTLE,7.99,https://americanas.vtexassets.com/arquivos/ids/519353/7399073876_1_xlarge.jpg?v=638750830793300000,0.0,40.0,19.97,Café
Café Solúvel Nescafé Intensidade Máxima Vidro 160g,24.48,https://americanas.vtexassets.com/arquivos/ids/9628727/7492410477_1_xlarge.jpg?v=638752531081330000,0.0,160.0,15.3,Café
Café Torrado e Moído Descafeinado lavazza 250g,55.25,https://americanas.vtexassets.com/arquivos/ids/22360175/7356188526_1_xlarge.jpg?v=638755226059700000,0.0,250.0,22.1,Café
Café 3 Corações Tradicional com 250g Café 3 Corações Tradicional,19.99,https://americanas.vtexassets.com/arquivos/ids/14025869/2811349281_1_xlarge.jpg?v=638754460993070000,0.0,250.0,8.0,Café
Café Torrado Em Grãos Pct. 250G,37.44,https://americanas.vtexassets.com/arquivos/ids/13566429/4674458464_1_xlarge.jpg?v=638754413821470000,0.0,250.0,14.98,Café
Café 3 Corações em pó torrado moído Fort a vácuo 500 gramas,31.85,https://americanas.vtexassets.com/arquivos/ids/5965625/7482170050_1_xlarge.jpg?v=638751491352300000,0.0,500.0,6.37,Café
Café em Grãos América Gourmet 1kg - América,,https://americanas.vtexassets.com/arquivos/ids/27370033/42841755_1_xlarge.jpg?v=638755611958000000,5.0,1000.0,,Café
Café Torrado e Moído Tradicional Vácuo caboclo 500g,23.61,https://americanas.vtexassets.com/arquivos/ids/23065888/5966678346_1_xlarge.jpg?v=638755285046470000,0.0,500.0,4.72,Café
Café Em Grão Constantino Especial Minas Gerais 500G,64.19,https://americanas.vtexassets.com/arquivos/ids/21668161/5321296527_1_xlarge.jpg?v=638755167391500000,0.0,500.0,12.84,Café
Café Torrado E Moido Pilão A Vacuo 250g Tradicional,34.19,https://americanas.vtexassets.com/arquivos/ids/12573462/7506823609_1_xlarge.jpg?v=638754312846600000,0.0,250.0,13.68,Café
Café Solúvel Nescafé Tradição Forte Sachê 40g - Embalagem com 24 Unidades,,https://americanas.vtexassets.com/arquivos/ids/29909511/5676523135_1_xlarge.jpg?v=638755818198570000,0.0,40.0,,Café
Café em Grãos América Premium 1kg - América,,https://americanas.vtexassets.com/arquivos/ids/29177273/42841828_1_xlarge.jpg?v=638755759452130000,0.0,1000.0,,Café
Café Em Pó 3 Corações Tradicional 500G,90.25,https://americanas.vtexassets.com/arquivos/ids/13485838/5235244000_1_xlarge.jpg?v=638754405652530000,0.0,500.0,18.05,Café
"Café em Grão, Orfeu, Clássico, 250g",43.9,https://americanas.vtexassets.com/arquivos/ids/16741682/5601905041_1_xlarge.jpg?v=638754707026600000,0.0,250.0,17.56,Café
Café 3 Corações Descafeinado A Vácuo Kit 3 Pacotes 250G,,https://americanas.vtexassets.com/arquivos/ids/13187144/7513737651_1_xlarge.jpg?v=638754376031330000,0.0,250.0,,Café
Café Especial O Bridge 1kg Torra Média 84 Pontos,,https://americanas.vtexassets.com/arquivos/ids/27779352/7486156753_1_xlarge.jpg?v=638755642498500000,0.0,1000.0,,Café
Café Torrado E Moido Pilão 250g Tradicional,33.59,https://americanas.vtexassets.com/arquivos/ids/22685790/7500187229_1_xlarge.jpg?v=638755253401400000,0.0,250.0,13.44,Café
Café Gourmet Dark 3 Corações 250G,60.39,https://americanas.vtexassets.com/arquivos/ids/29055877/7481073433_1_xlarge.jpg?v=638755749425570000,0.0,250.0,24.16,Café
Café Em Pó Baggio - 3 Pacotes - 750g - Café Gourmet Arábica Moído,,https://americanas.vtexassets.com/arquivos/ids/30557296/1952173961_1_xlarge.jpg?v=638794238518270000,0.0,750.0,,Café
Café De Açai Feito Do Caroço 100% Puro 500G Amazonia,76.37,https://americanas.vtexassets.com/arquivos/ids/20266551/7494988786_1_xlarge.jpg?v=638755040122570000,0.0,500.0,15.27,Café
Café Sabor da Fazenda Extra Forte melitta 500g,41.24,https://americanas.vtexassets.com/arquivos/ids/5287321/5424219348_1_xlarge.jpg?v=638751392997500000,0.0,500.0,8.25,Café
Café De Açai Feito Do Caroço 100% Puro 500G Amazonia,48.82,https://americanas.vtexassets.com/arquivos/ids/6929473/7494985145_1_xlarge.jpg?v=638751696158130000,0.0,500.0,9.76,Café
"Café Solúvel Em Sachê Individual Stick Di Capri 1,3G - 40 U",72.95,https://americanas.vtexassets.com/arquivos/ids/18539969/7481076133_1_xlarge.jpg?v=638754868436700000,0.0,3.0,2431.67,Café
Café Solúvel Forte Tradição nescafé 50g,8.47,https://americanas.vtexassets.com/arquivos/ids/12433024/5966682812_1_xlarge.jpg?v=638754297150500000,0.0,50.0,16.94,Café
"Café em Grão, Illy, Clássico, Lata 250g",72.9,https://americanas.vtexassets.com/arquivos/ids/1339901/5330356190_1_xlarge.jpg?v=638750942559470000,0.0,250.0,29.16,Café
"Café em Grão, Baggio, Espresso, 3 Pacotes de 500g",,https://americanas.vtexassets.com/arquivos/ids/6334706/7465770294_1_xlarge.jpg?v=638751630971270000,0.0,500.0,,Café
Cafe De Acai 350G,67.88,https://americanas.vtexassets.com/arquivos/ids/12636704/4779193714_1_xlarge.jpg?v=638754319323400000,0.0,350.0,19.39,Café
Café Atalaia Tradicional 500g,41.44,https://americanas.vtexassets.com/arquivos/ids/18752892/33714348_1_xlarge.jpg?v=638754889218370000,0.0,500.0,8.29,Café
Café Atary Caseiro Tradicional 500g,41.44,https://americanas.vtexassets.com/arquivos/ids/21114690/33767981_1_xlarge.jpg?v=638755121047800000,0.0,500.0,8.29,Café
Café Atalaia Tradicional Alto Vacuo 500g,47.66,https://americanas.vtexassets.com/arquivos/ids/18238157/33714310_1_xlarge.jpg?v=638754839629700000,0.0,500.0,9.53,Café
Café Maracaju Extra Forte 500g,41.44,https://americanas.vtexassets.com/arquivos/ids/6675576/33767988_1_xlarge.jpg?v=638751669890730000,0.0,500.0,8.29,Café
Café Atalaia Tradicional 500g cx 10uni,,https://americanas.vtexassets.com/arquivos/ids/22111787/33714321_1_xlarge.jpg?v=638755203574270000,0.0,500.0,,Café
Café tradicional - pacote com 500g - Pilão,60.15,https://americanas.vtexassets.com/arquivos/ids/20184731/6511690681_1_xlarge.jpg?v=638755031931870000,0.0,500.0,12.03,Café
Café em grão - pacote com 1 Kg - Pilão,,https://americanas.vtexassets.com/arquivos/ids/4575502/6443011008_1_xlarge.jpg?v=638751277822400000,0.0,1000.0,,Café
Café Caboclo tradicional - pacote com 500 grs,43.49,https://americanas.vtexassets.com/arquivos/ids/16526335/6513899111_1_xlarge.jpg?v=638754687721170000,0.0,500.0,8.7,Café
Café em pó extra forte pacote 500 gramas - Melitta,62.16,https://americanas.vtexassets.com/arquivos/ids/11646539/6514206233_1_xlarge.jpg?v=638754199352000000,0.0,500.0,12.43,Café
Café em pó tradicional - pacote 500gr - Melitta,62.16,https://americanas.vtexassets.com/arquivos/ids/16982020/6519269137_1_xlarge.jpg?v=638754728000630000,1.0,500.0,12.43,Café
Café Torrado e Moído Extraforte Vácuo melitta 500g,57.51,https://americanas.vtexassets.com/arquivos/ids/16153594/5424219954_1_xlarge.jpg?v=638754656187930000,0.0,500.0,11.5,Café
Café Torrado e Moído Tradicional Vácuo melitta 500g,57.51,https://americanas.vtexassets.com/arquivos/ids/24230918/7238608438_1_xlarge.jpg?v=638755381397370000,0.0,500.0,11.5,Café
Cafe caps lor espresso india 52G,28.13,https://americanas.vtexassets.com/arquivos/ids/5603236/7335854235_1_xlarge.jpg?v=638792364994200000,0.0,52.0,54.1,Café
Café com Leite Sem Açúcar 3 corações 265g,31.07,https://americanas.vtexassets.com/arquivos/ids/10708946/5966668341_1_xlarge.jpg?v=638754093435700000,0.0,265.0,11.72,Café
"Café Em Pó Baggio, 3 Pacotes, 750g, Chocolate Trufado, Menta e Caramelo, Café Moído Aromatizado Gourmet Arábica",,https://americanas.vtexassets.com/arquivos/ids/25201564/1902725561_1_xlarge.jpg?v=638755454235530000,0.0,750.0,,Café
Cafe tradicional pouch melitta 500G,59.77,https://americanas.vtexassets.com/arquivos/ids/3986054/5966673431_1_xlarge.jpg?v=638751210506870000,0.0,500.0,11.95,Café
Café Torrado E Moído Tradicional Almofada Pilão 500G Kit 5,,https://americanas.vtexassets.com/arquivos/ids/27807842/5064996919_1_xlarge.jpg?v=638755644813270000,0.0,500.0,,Café
Café Torrado E Moido Pilão 250g Kit Com 5 Un. Tradicional,,https://americanas.vtexassets.com/arquivos/ids/9948143/7500188417_1_xlarge.jpg?v=638753996336170000,0.0,250.0,,Café
Café Pilão Torrado E Moído Tradicional Vácuo 500G,92.39,https://americanas.vtexassets.com/arquivos/ids/7351432/4996905204_1_xlarge.jpg?v=638751747050770000,0.0,500.0,18.48,Café
Cafe Melitta Puro Tradicional 500g,92.39,https://americanas.vtexassets.com/arquivos/ids/2433781/3497318540_1_xlarge.jpg?v=638751051188900000,0.0,500.0,18.48,Café
Café Três Corações Extra Forte Kit 10 Pacotes A Vácuo 250G,,https://americanas.vtexassets.com/arquivos/ids/15399255/7504046159_1_xlarge.jpg?v=638754593408430000,0.0,250.0,,Café
Café Pilão Torrado E Moído Tradicional A Vácuo 250G,75.12,https://americanas.vtexassets.com/arquivos/ids/17132429/7495998947_1_xlarge.jpg?v=638754741188970000,0.0,250.0,30.05,Café
Café Pilão Torrado E Moído Extra Forte 3 Pacotes De 500G,,https://americanas.vtexassets.com/arquivos/ids/1765282/7503976946_1_xlarge.jpg?v=638750985851670000,0.0,500.0,,Café
Café Pilão Torrado E Moído Tradicional Vácuo 500G Kit 3,,https://americanas.vtexassets.com/arquivos/ids/9015029/7494467742_1_xlarge.jpg?v=638752448923130000,0.0,500.0,,Café
Café Atalaia Tradicional 250g,31.08,https://americanas.vtexassets.com/arquivos/ids/8706679/33714342_1_xlarge.jpg?v=638752413203200000,0.0,250.0,12.43,Café
Café Atary Caseiro Tradicional 250g,31.08,https://americanas.vtexassets.com/arquivos/ids/18954019/33767979_1_xlarge.jpg?v=638754908041330000,0.0,250.0,12.43,Café
Café Atalaia Tradicional Alto Vacuo 500g cx 20uni,,https://americanas.vtexassets.com/arquivos/ids/1551433/33714315_1_xlarge.jpg?v=638750964104600000,0.0,500.0,,Café
Café Caboclo Tradicional A Vácuo 250g,27.99,https://americanas.vtexassets.com/arquivos/ids/8068098/7506823611_1_xlarge.jpg?v=638752357668100000,0.0,250.0,11.2,Café
Café Gourmet Moido Aromas Baggio De Chocolate Com Avelã 250G,77.51,https://americanas.vtexassets.com/arquivos/ids/17511397/5097968754_1_xlarge.jpg?v=638754774078900000,0.0,250.0,31.0,Café
Café Gourmet Moido Aromas Baggio De Chocolate Com Avelã 250G,56.7,https://americanas.vtexassets.com/arquivos/ids/28292119/4990217793_1_xlarge.jpg?v=638755683986630000,0.0,250.0,22.68,Café
Café Torrado E Moido Pilão 250G Kit Com 5 Un. Tradicional,,https://americanas.vtexassets.com/arquivos/ids/9712509/7508304462_1_xlarge.jpg?v=638752540663270000,0.0,250.0,,Café
Café 3Corações torrado moído Fort a vácuo 500g,29.45,https://americanas.vtexassets.com/arquivos/ids/5054214/7513997593_1_xlarge.jpg?v=638751334275300000,0.0,500.0,5.89,Café
Café dupan torra média torrado em grãos pacote 250G,32.2,https://americanas.vtexassets.com/arquivos/ids/25051512/7507165603_1_xlarge.jpg?v=638755442806300000,0.0,250.0,12.88,Café
Café 3 Corações Extra Forte Vácuo 500G Kit 5,,https://americanas.vtexassets.com/arquivos/ids/3648240/4497054951_1_xlarge.jpg?v=638751174811170000,0.0,500.0,,Café
Café Torrado e Moído Tradicional pilão 250g,29.26,https://americanas.vtexassets.com/arquivos/ids/11655281/6783035170_1_xlarge.jpg?v=638754200436270000,0.0,250.0,11.7,Café
Café Torrado Em Grãos América Ristretto 1Kg,,https://americanas.vtexassets.com/arquivos/ids/28966430/5957480207_1_xlarge.jpg?v=638755742118700000,0.0,1000.0,,Café
Café Gourmet Torrado E Moído Santa Monica - 250G,27.93,https://americanas.vtexassets.com/arquivos/ids/21844145/4209889761_1_xlarge.jpg?v=638755181443700000,4.0,250.0,11.17,Café
Café Torrado e Moído Extraforte pilão 500g,48.47,https://americanas.vtexassets.com/arquivos/ids/23133894/6782966183_1_xlarge.jpg?v=638755290597400000,0.0,500.0,9.69,Café
Café Pilão Torrado E Moído Tradicional 3 Pacotes De 250G,,https://americanas.vtexassets.com/arquivos/ids/15273742/7503957408_1_xlarge.jpg?v=638754582469470000,0.0,250.0,,Café
Café Tradicional Sabor Da Fazenda Melitta Vácuo 500g,,https://americanas.vtexassets.com/arquivos/ids/26938111/7475889254_1_xlarge.jpg?v=638755581858830000,0.0,500.0,,Café
Café 3 Corações Extra Forte Vácuo 500G,,https://americanas.vtexassets.com/arquivos/ids/3119006/4497054935_1_xlarge.jpg?v=638751119258800000,0.0,500.0,,Café
Café Em Pó Baggio - 1 Pacote - 250g - Bourbon - Café Gourmet Arábica Moído,43.5,https://americanas.vtexassets.com/arquivos/ids/4551784/1938279701_1_xlarge.jpg?v=638751275107700000,0.0,250.0,17.4,Café
Café Pilão Extra Forte A Vácuo 250g,34.19,https://americanas.vtexassets.com/arquivos/ids/21807289/7506823617_1_xlarge.jpg?v=638755178595230000,0.0,250.0,13.68,Café
Café com Leite Solúvel 3 Corações Sachê 20g,2.49,https://americanas.vtexassets.com/arquivos/ids/21895024/6456677482_1_xlarge.jpg?v=638755185733200000,0.0,20.0,12.45,Café
Café Torrado e Moído Extraforte Vácuo pilão 500g,49.15,https://americanas.vtexassets.com/arquivos/ids/8192731/6783030424_1_xlarge.jpg?v=638752367114500000,0.0,500.0,9.83,Café
Café Em Pó 3 Corações Tradicional 250G,46.97,https://americanas.vtexassets.com/arquivos/ids/14859745/2019132011_1_xlarge.jpg?v=638754546725870000,0.0,250.0,18.79,Café
Café Torrado Em Grão Roma 1 Kg Bialetti,,https://americanas.vtexassets.com/arquivos/ids/1680122/7397098949_1_xlarge.jpg?v=638750977129330000,0.0,1000.0,,Café
Cafe Po Vacuo Selecao de Minas Gourmet 500g,26.99,https://americanas.vtexassets.com/arquivos/ids/20525982/7513150264_1_xlarge.jpg?v=638755064798430000,0.0,500.0,5.4,Café
Cafe Soluvel Nescafe 40G Tradicao Forte,39.42,https://americanas.vtexassets.com/arquivos/ids/24700986/7481861200_1_xlarge.jpg?v=638755416459200000,0.0,40.0,98.55,Café
Café Com Leite Soluvel Instantaneo 3 Corações 1Kg Vending,,https://americanas.vtexassets.com/arquivos/ids/23110609/7481074753_1_xlarge.jpg?v=638755288976900000,0.0,1000.0,,Café
Cafe Soluvel Nescafe 40G Tradicao Forte,20.09,https://americanas.vtexassets.com/arquivos/ids/6924134/5126418541_1_xlarge.jpg?v=638751695637470000,0.0,40.0,50.22,Café
Café Três Corações Tradicional Torrado e Moído 250g,25.9,https://americanas.vtexassets.com/arquivos/ids/9196271/7498511588_1_xlarge.jpg?v=638752470217670000,0.0,250.0,10.36,Café
Café Gourmet em Grãos - Expert Blenders 500g,,https://americanas.vtexassets.com/arquivos/ids/11234609/2715113244_1_xlarge.jpg?v=638754153194000000,0.0,500.0,,Café
Café Torrado e Moído Descafeinado a Vácuo pilão 250g,31.52,https://americanas.vtexassets.com/arquivos/ids/29919659/6783031304_1_xlarge.jpg?v=638755818867930000,0.0,250.0,12.61,Café
Café Solúvel Extraforte Original Vidro nescafé 100g,24.17,https://americanas.vtexassets.com/arquivos/ids/28617330/5966680892_1_xlarge.jpg?v=638755711364400000,0.0,100.0,24.17,Café
Café Gourmet Lor Mogiana Torrado E Moído 250G,98.81,https://americanas.vtexassets.com/arquivos/ids/11615338/7496354599_1_xlarge.jpg?v=638792364334730000,0.0,250.0,39.52,Café
Café dupan torra média intensa grãos pacote 250G,32.2,https://americanas.vtexassets.com/arquivos/ids/14952137/7507250941_1_xlarge.jpg?v=638754554673870000,0.0,250.0,12.88,Café
Café Três Corações Individual Sachê 20G Classic 50 Unidades,,https://americanas.vtexassets.com/arquivos/ids/29052233/5035516752_1_xlarge.jpg?v=638755749207730000,0.0,20.0,,Café
Cafe po melitta extra forte 500G,47.98,https://americanas.vtexassets.com/arquivos/ids/9362596/2658247561_1_xlarge.jpg?v=638752490125800000,0.0,500.0,9.6,Café
Café Com Leite Soluvel 3 Corações Instantaneo Vending 3X 1Kg,,https://americanas.vtexassets.com/arquivos/ids/11837772/7218662963_1_xlarge.jpg?v=638754222330700000,0.0,1000.0,,Café
Cafe Soluvel Nescafe Original Vidro 200g,43.48,https://americanas.vtexassets.com/arquivos/ids/16318308/3581275685_1_xlarge.jpg?v=638754670051170000,0.0,200.0,21.74,Café
Café Em Pó Starbucks- 1 Pacote - 250g - Pike Place Roast,59.5,https://americanas.vtexassets.com/arquivos/ids/1939534/1850424459_1_xlarge.jpg?v=638751002805670000,0.0,250.0,23.8,Café
Café em Grãos Torrado Tiger Unique Especial 1kg,,https://americanas.vtexassets.com/arquivos/ids/17353607/7503464942_1_xlarge.jpg?v=638754760146170000,0.0,1000.0,,Café
Café Tradicional Sabor da Fazenda Vácuo melitta 500g,50.73,https://americanas.vtexassets.com/arquivos/ids/20618035/7238608331_1_xlarge.jpg?v=638755074000400000,0.0,500.0,10.15,Café
"Café Em Pó Baggio, 1 Pacote, 250g, Chocolate Trufado, Café Moído Aromatizado Gourmet Arábica",43.5,https://americanas.vtexassets.com/arquivos/ids/30551428/1902725182_1_xlarge.jpg?v=638794236980400000,0.0,250.0,17.4,Café
Café Três Corações Extra Forte Kit 3 Pacotes A Vácuo 250G,,https://americanas.vtexassets.com/arquivos/ids/26190358/7504015528_1_xlarge.jpg?v=638755527091930000,0.0,250.0,,Café
Café Moído Colombiano Juan Valdez Colina 250g,47.9,https://americanas.vtexassets.com/arquivos/ids/1119274/7104556935_1_xlarge.jpg?v=638750915613100000,0.0,250.0,19.16,Café
Café Solúvel Liofilizado 3 Corações 100% Arábica 100g,32.09,https://americanas.vtexassets.com/arquivos/ids/4653811/7360946502_1_xlarge.jpg?v=638751286471170000,0.0,100.0,32.09,Café
Café Três Corações Drip Coffee Filtrado Tradicional 10X10G,41.61,https://americanas.vtexassets.com/arquivos/ids/13787599/5924353922_1_xlarge.jpg?v=638754435840300000,0.0,10.0,416.1,Café
Café Torrado E Moído Extraforte Café Pelé Pacote 250G,39.58,https://americanas.vtexassets.com/arquivos/ids/27262165/7508304153_1_xlarge.jpg?v=638755604806530000,0.0,250.0,15.83,Café
"Café Em Pó Baggio, 1 Pacote, 250g, Caramelo, Café Moído Aromatizado Gourmet Arábica",43.5,https://americanas.vtexassets.com/arquivos/ids/18744014/1902725043_1_xlarge.jpg?v=638754888449270000,0.0,250.0,17.4,Café
Café Pilão Torrado E Moído Descafeinado A Vácuo 250G,91.97,https://americanas.vtexassets.com/arquivos/ids/22864621/7496004317_1_xlarge.jpg?v=638755267111700000,0.0,250.0,36.79,Café
Café Solúvel Tradicional Sachê melitta 50g,9.32,https://americanas.vtexassets.com/arquivos/ids/26812846/7316602235_1_xlarge.jpg?v=638755572577670000,0.0,50.0,18.64,Café
"Café Em Pó Baggio, 5 Pacotes, 1.250g, Chocolate Trufado, Menta e Caramelo, Café Moído Aromatizado Gourmet Arábica",,https://americanas.vtexassets.com/arquivos/ids/30551354/1902725342_1_xlarge.jpg?v=638794236966800000,0.0,250.0,,Café
Café Torrado e Moído Tradicional 3 corações 500g,,https://americanas.vtexassets.com/arquivos/ids/23519654/5966673553_1_xlarge.jpg?v=638755321085870000,0.0,500.0,,Café
Café Gourmet Lor Mogiana Torrado E Moído 250G,78.0,https://americanas.vtexassets.com/arquivos/ids/13552847/7496354527_1_xlarge.jpg?v=638754412293170000,0.0,250.0,31.2,Café
"Café Em Pó Baggio, 2 Pacotes, 500g, Chocolate Trufado e Caramelo, Café Moído Aromatizado Gourmet Arábica",84.5,https://americanas.vtexassets.com/arquivos/ids/30556864/1902725545_1_xlarge.jpg?v=638794238417570000,0.0,500.0,16.9,Café
Café Torrado E Moído Extraforte Café Pelé Pacote 250g,28.19,https://americanas.vtexassets.com/arquivos/ids/9842005/7500193685_1_xlarge.jpg?v=638752555352770000,0.0,250.0,11.28,Café
Café Torrado e Moído Maestro bravo café 250g,23.61,https://americanas.vtexassets.com/arquivos/ids/18055822/7335906269_1_xlarge.jpg?v=638754823290800000,0.0,250.0,9.44,Café
Café Com Leite Solúvel Iguaçu Lata 200G,29.19,https://americanas.vtexassets.com/arquivos/ids/20589293/7487023922_1_xlarge.jpg?v=638755071085370000,0.0,200.0,14.6,Café
"Café Pelé Extra Forte 250G Almofada Fardo Com 20Un,",,https://americanas.vtexassets.com/arquivos/ids/19722547/7509080626_1_xlarge.jpg?v=638754983275000000,0.0,250.0,,Café
Café Em Pó Baggio - 2 Pacotes - 500g - Café Gourmet Arábica Moído,84.5,https://americanas.vtexassets.com/arquivos/ids/30551657/1952174016_1_xlarge.jpg?v=638794237035000000,0.0,500.0,16.9,Café
Café Torrado e Moído Tenor bravo café 500g,38.3,https://americanas.vtexassets.com/arquivos/ids/29370182/6446633081_1_xlarge.jpg?v=638755774261170000,0.0,500.0,7.66,Café
Café Pelé Extra Forte A Vácuo 250g,27.59,https://americanas.vtexassets.com/arquivos/ids/21063092/7506823619_1_xlarge.jpg?v=638755116478900000,0.0,250.0,11.04,Café
Café Italiano Qualitá Oro Moído lavazza 250g,47.34,https://americanas.vtexassets.com/arquivos/ids/26558623/7495105511_1_xlarge.jpg?v=638755554153670000,0.0,250.0,18.94,Café
"Café Solúvel Em Sachê Individual Stick Di Capri 1,3G - 100 U",,https://americanas.vtexassets.com/arquivos/ids/10246893/7481073559_1_xlarge.jpg?v=638754041748800000,0.0,3.0,,Café
Café 3 Corações Descafeinado A Vácuo 250G,83.41,https://americanas.vtexassets.com/arquivos/ids/18069020/5073867721_1_xlarge.jpg?v=638754824538330000,0.0,250.0,33.36,Café
Café Pilão Torrado Em Grãos Espresso Kit 3 Pacotes 1Kg,,https://americanas.vtexassets.com/arquivos/ids/15532998/7503976482_1_xlarge.jpg?v=638754604509100000,0.0,1000.0,,Café
Café Soft Extraforte 3 corações 250g,15.99,https://americanas.vtexassets.com/arquivos/ids/23264006/7321635795_1_xlarge.jpg?v=638755301678730000,0.0,250.0,6.4,Café
Café Três Corações Extra Forte Kit 5 Pacotes A Vácuo 250G,,https://americanas.vtexassets.com/arquivos/ids/9490458/7504045685_1_xlarge.jpg?v=638752512119200000,0.0,250.0,,Café
"Café Moído, Illy, Clássico, Lata 250g",72.9,https://americanas.vtexassets.com/arquivos/ids/28634782/5319040670_1_xlarge.jpg?v=638755712895900000,0.0,250.0,29.16,Café
"Café em Pó Moído, Coffee Mais, Cerrado Mineiro, 250g",52.5,https://americanas.vtexassets.com/arquivos/ids/20595616/7094763681_1_xlarge.jpg?v=638755071613100000,0.0,250.0,21.0,Café
Café Solúvel Matinal Suave Sachê nescafé 50g,8.47,https://americanas.vtexassets.com/arquivos/ids/5987949/5966676148_1_xlarge.jpg?v=638751494991430000,0.0,50.0,16.94,Café
Café Extra Forte melitta 500g,39.43,https://americanas.vtexassets.com/arquivos/ids/4584943/7316512660_1_xlarge.jpg?v=638751278808830000,0.0,500.0,7.89,Café
"Café Moído, Orfeu, 3 Pacotes de 250g",,https://americanas.vtexassets.com/arquivos/ids/30574713/5608189964_1_xlarge.jpg?v=638794243026500000,0.0,250.0,,Café
Café especial premium em grãos baobá 250g,45.76,https://americanas.vtexassets.com/arquivos/ids/27139095/7320027755_1_xlarge.jpg?v=638755596271400000,0.0,250.0,18.3,Café
Café Especial O Bridge 250g 100% Arabica Torra Média,45.9,https://americanas.vtexassets.com/arquivos/ids/14367404/7472200470_1_xlarge.jpg?v=638754504057500000,0.0,250.0,18.36,Café
"Café Solúvel Em Sachê Individual Stick Di Capri 1,3G - 40 U",52.68,https://americanas.vtexassets.com/arquivos/ids/19022230/7467917949_1_xlarge.jpg?v=638754914310630000,0.0,3.0,1756.0,Café
Café em Capsulas Espresso 13 pilão 52g,23.61,https://americanas.vtexassets.com/arquivos/ids/6822908/7495105453_1_xlarge.jpg?v=638751685281470000,0.0,52.0,45.4,Café
Café Gourmet Lor Cerrado Mineiro Moído Kit 10 Pacotes 250G,,https://americanas.vtexassets.com/arquivos/ids/7146567/7503962909_1_xlarge.jpg?v=638792364025800000,0.0,250.0,,Café
Café 3 Corações Descafeinado A Vácuo 250G,59.67,https://americanas.vtexassets.com/arquivos/ids/6939914/2056734695_1_xlarge.jpg?v=638751697280230000,0.0,250.0,23.87,Café
"Café Moído, Lavazza, Espresso, Lata de 250g",60.5,https://americanas.vtexassets.com/arquivos/ids/6429600/5349687829_1_xlarge.jpg?v=638751640851700000,0.0,250.0,24.2,Café
Café Saboroso 3 Corações Tradicional Vácuo 500G Kit 3,,https://americanas.vtexassets.com/arquivos/ids/20563539/5044466654_1_xlarge.jpg?v=638755068551370000,0.0,500.0,,Café
Café Especial Torrado e Moído Sul de Minas santo grão 250g,40.11,https://americanas.vtexassets.com/arquivos/ids/9303530/7461130705_1_xlarge.jpg?v=638752483304100000,0.0,250.0,16.04,Café
Café Gourmet Intenso Moído 250G - Santa Monica,62.22,https://americanas.vtexassets.com/arquivos/ids/1880534/7480239066_1_xlarge.jpg?v=638750997011400000,0.0,250.0,24.89,Café
"Café em Grão, Orfeu, Intenso, 250g",43.9,https://americanas.vtexassets.com/arquivos/ids/22055853/5601905315_1_xlarge.jpg?v=638755198453500000,0.0,250.0,17.56,Café
Café Gourmet Lor Cerrado Mineiro Moído Kit 5 Pacotes 250G,,https://americanas.vtexassets.com/arquivos/ids/2140408/7503973430_1_xlarge.jpg?v=638751022400530000,0.0,250.0,,Café
"Café em Grão Torrado Coffee Mais, Chapada de Minas, 250g",52.5,https://americanas.vtexassets.com/arquivos/ids/7454501/7094754005_1_xlarge.jpg?v=638751755579600000,0.0,250.0,21.0,Café
Café Gourmet Intenso Moído 250G - Santa Monica,31.9,https://americanas.vtexassets.com/arquivos/ids/21134916/7467614137_1_xlarge.jpg?v=638755122699600000,0.0,250.0,12.76,Café
Café Descafeinado Melitta 250g,50.6,https://americanas.vtexassets.com/arquivos/ids/25225322/7497435767_1_xlarge.jpg?v=638755455745070000,0.0,250.0,20.24,Café
"Café em Grão, Illy, 5 Latas de 250g",,https://americanas.vtexassets.com/arquivos/ids/30572169/5330281108_1_xlarge.jpg?v=638794242439970000,0.0,250.0,,Café
"Café Em Grão, Baggio, 500G, Bourbon",,https://americanas.vtexassets.com/arquivos/ids/28606235/5961075731_1_xlarge.jpg?v=638755710561930000,0.0,500.0,,Café
Café Premium Santa Monica Moído 500 Gramas,78.76,https://americanas.vtexassets.com/arquivos/ids/23753215/4924985743_1_xlarge.jpg?v=638755344635800000,0.0,500.0,15.75,Café
Café Solúvel Colombiano Juan Valdez Clássico 95g,83.9,https://americanas.vtexassets.com/arquivos/ids/910392/7305149341_1_xlarge.jpg?v=638750888877570000,0.0,95.0,88.32,Café
"Café Moído, Lavazza, Rossá, Lata de 250g",60.5,https://americanas.vtexassets.com/arquivos/ids/17304745/5349687749_1_xlarge.jpg?v=638754756116500000,0.0,250.0,24.2,Café
"Café em Pó Moído, Coffee Mais, Chapada de Minas, 250g",52.5,https://americanas.vtexassets.com/arquivos/ids/2025437/7094745150_1_xlarge.jpg?v=638751011190170000,0.0,250.0,21.0,Café
"Café Pelé Extra Forte 250g Almofada Fardo Com 20un, Atacado",,https://americanas.vtexassets.com/arquivos/ids/21768395/7500196876_1_xlarge.jpg?v=638755175628400000,0.0,250.0,,Café
Cafe baoba gourmet em graos 250 G,36.72,https://americanas.vtexassets.com/arquivos/ids/9355315/7320028766_1_xlarge.jpg?v=638752489323230000,0.0,250.0,14.69,Café
Café Iguaçu Solúvel Em Pó Lata 200G,54.05,https://americanas.vtexassets.com/arquivos/ids/2785916/3151485623_1_xlarge.jpg?v=638751085566300000,0.0,200.0,27.02,Café
Cafe baoba especial intenso moido 250G,29.94,https://americanas.vtexassets.com/arquivos/ids/20705885/7320027659_1_xlarge.jpg?v=638755082562170000,0.0,250.0,11.98,Café
"Café em Grão, Baggio, Espresso, 500g",87.5,https://americanas.vtexassets.com/arquivos/ids/4517242/5961129807_1_xlarge.jpg?v=638751271102730000,0.0,500.0,17.5,Café
"Café Em Pó Baggio, 4 Pacotes, 1.000g, Chocolate Trufado, Menta e Caramelo, Café Moído Aromatizado Gourmet Arábica",,https://americanas.vtexassets.com/arquivos/ids/30553682/1902725385_1_xlarge.jpg?v=638794237585200000,0.0,0.0,,Café
Café Em Pó Baggio - 5 Pacotes - 1.250g - Café Gourmet Arábica Moído,,https://americanas.vtexassets.com/arquivos/ids/30553113/1952174008_1_xlarge.jpg?v=638794237433170000,0.0,250.0,,Café
Café Três Corações Sachê 20G Canela Com 50 Unidades,,https://americanas.vtexassets.com/arquivos/ids/16146213/3959084486_1_xlarge.jpg?v=638754655407970000,0.0,20.0,,Café
Café Solúvel - Expert Blenders 500g,83.08,https://americanas.vtexassets.com/arquivos/ids/5606679/3151700346_1_xlarge.jpg?v=638751440860830000,0.0,500.0,16.62,Café
"Café Aromatizado, Café Em Pó Baggio, 2 Pacotes, 500G",,https://americanas.vtexassets.com/arquivos/ids/8089044/1976884231_1_xlarge.jpg?v=638752359428230000,0.0,500.0,,Café
Café Italiano lavazza Qualitá Oro Moído 250g - Rico e Suave,84.36,https://americanas.vtexassets.com/arquivos/ids/25874153/7499318144_1_xlarge.jpg?v=638755503870500000,0.0,250.0,33.74,Café
"Café Di Capri Sachê Granulado Solúvel 1,3g - 20 unid.",37.89,https://americanas.vtexassets.com/arquivos/ids/25802070/7473381058_1_xlarge.jpg?v=638755498531230000,0.0,3.0,1263.0,Café
Café Orgânico Em Grãos Native 500G,,https://americanas.vtexassets.com/arquivos/ids/8778261/7460131435_1_xlarge.jpg?v=638752421714430000,0.0,500.0,,Café
Café 3 Corações Tradicional A Vácuo Kit 10 Pacotes De 500G,,https://americanas.vtexassets.com/arquivos/ids/24793209/7514176030_1_xlarge.jpg?v=638755423177500000,0.0,500.0,,Café
Cafe baoba gourmet moido 250G A,41.69,https://americanas.vtexassets.com/arquivos/ids/8902509/7320028942_1_xlarge.jpg?v=638752436601600000,0.0,250.0,16.68,Café
Café Especial Torrado em Grãos Premium baobá 250g,38.3,https://americanas.vtexassets.com/arquivos/ids/26595388/7460595355_1_xlarge.jpg?v=638755556808870000,0.0,250.0,15.32,Café
Café Torrado E Moído Extraforte Café Pelé Pacote 250G,74.05,https://americanas.vtexassets.com/arquivos/ids/18897743/7508304155_1_xlarge.jpg?v=638754902920970000,0.0,250.0,29.62,Café
"Café Aromatizado, Café Em Pó Baggio, 5 Pacotes, 1.250G",,https://americanas.vtexassets.com/arquivos/ids/6371706/1976890560_1_xlarge.jpg?v=638751634749870000,0.0,250.0,,Café
Café Italiano lavazza Qualitá Rossa Moído Vácuo 250g,80.93,https://americanas.vtexassets.com/arquivos/ids/15782915/7493537384_1_xlarge.jpg?v=638754625587230000,0.0,250.0,32.37,Café
Café Em Grão Constantino 1 Pacote 250G,71.58,https://americanas.vtexassets.com/arquivos/ids/24610528/3156127104_1_xlarge.jpg?v=638755409946400000,0.0,250.0,28.63,Café
Cafe La Llave Espresso Café Torrado Escuro - 284G,,https://americanas.vtexassets.com/arquivos/ids/22342157/7512095871_1_xlarge.jpg?v=638755224387800000,0.0,284.0,,Café
"Café em Grão, Baggio, Espresso, 5 Pacotes de 500g",,https://americanas.vtexassets.com/arquivos/ids/3593437/7465770314_1_xlarge.jpg?v=638751168938470000,0.0,500.0,,Café
Café Torrado e Moído Espresso Italiano Clássico Lata lavazza 250g,55.25,https://americanas.vtexassets.com/arquivos/ids/29443525/7273673690_1_xlarge.jpg?v=638755779997400000,0.0,250.0,22.1,Café
Café Com Leite 3 Coracões Sachê 50X20G,,https://americanas.vtexassets.com/arquivos/ids/25289920/7492424091_1_xlarge.jpg?v=638755460643630000,0.0,20.0,,Café
Café Pilão Torrado E Moído Tradicional 5 Pacotes De 250G,,https://americanas.vtexassets.com/arquivos/ids/17947271/7503975670_1_xlarge.jpg?v=638754813654130000,0.0,250.0,,Café
Café Moído Extra Forte à Vacuo 3Corações 500g,42.55,https://americanas.vtexassets.com/arquivos/ids/23894127/7497327668_1_xlarge.jpg?v=638755355835370000,0.0,500.0,8.51,Café
Café Pilão Extra Forte A Vácuo 250G,40.65,https://americanas.vtexassets.com/arquivos/ids/26952516/7508304464_1_xlarge.jpg?v=638755583154600000,0.0,250.0,16.26,Café
"Café Moído, Illy Selection, Colombia, Lata 125g",36.9,https://americanas.vtexassets.com/arquivos/ids/3098900/5318161605_1_xlarge.jpg?v=638751116902700000,0.0,125.0,29.52,Café
Café Moído Premium bravo 500g,36.04,https://americanas.vtexassets.com/arquivos/ids/2712703/7461130642_1_xlarge.jpg?v=638751078379300000,0.0,500.0,7.21,Café
Café Italiano Qualitá Rossa Moído lavazza 250g,36.04,https://americanas.vtexassets.com/arquivos/ids/13120358/7495105491_1_xlarge.jpg?v=638754369162330000,0.0,250.0,14.42,Café
Café Especial Torrado e Moído Mogiana santo grão 250g,40.56,https://americanas.vtexassets.com/arquivos/ids/30045314/7491774360_1_xlarge.jpg?v=638792881144900000,0.0,250.0,16.22,Café
"Café em Grão Torrado Coffee Mais, Arara, 250g",52.5,https://americanas.vtexassets.com/arquivos/ids/13919441/7094767851_1_xlarge.jpg?v=638754448353700000,0.0,250.0,21.0,Café
"Café Moído, Orfeu, 10 Pacotes de 250g",,https://americanas.vtexassets.com/arquivos/ids/22857154/5608180193_1_xlarge.jpg?v=638755266612430000,0.0,250.0,,Café
"Café em Pó Moído, Coffee Mais, Classico, 250g",52.5,https://americanas.vtexassets.com/arquivos/ids/15896822/7094756799_1_xlarge.jpg?v=638754635222470000,0.0,250.0,21.0,Café
Café Drip 3 coracoes Gourmet Dark 10 unidade de 11g,36.99,https://americanas.vtexassets.com/arquivos/ids/9883096/7508923449_1_xlarge.jpg?v=638752559856400000,0.0,11.0,336.27,Café
Café Três Corações Extra Forte Kit 20 Pacotes A Vácuo 250G,,https://americanas.vtexassets.com/arquivos/ids/19836396/7504017805_1_xlarge.jpg?v=638754993898570000,0.0,250.0,,Café
Café em Grãos Illy Arabica Brasile Cerrado Mineiro Lata 250g,72.9,https://americanas.vtexassets.com/arquivos/ids/19443329/7475843084_1_xlarge.jpg?v=638754955217600000,0.0,250.0,29.16,Café
Café Três Corações Extra Forte Embalagem à Vácuo 250G,67.78,https://americanas.vtexassets.com/arquivos/ids/24484287/7504045913_1_xlarge.jpg?v=638755400706930000,0.0,250.0,27.11,Café
Cafe caps lor ultimo intensity 52G,29.26,https://americanas.vtexassets.com/arquivos/ids/10024821/7335895037_1_xlarge.jpg?v=638792363832030000,0.0,52.0,56.27,Café
Café Juan Valdez Solúvel Colombiano Clássico 5 Potes De 95G,,https://americanas.vtexassets.com/arquivos/ids/8955377/7305050640_1_xlarge.jpg?v=638752442077970000,0.0,95.0,,Café
Café Orgânico native 90 gramas,85.01,https://americanas.vtexassets.com/arquivos/ids/7907492/7481077477_1_xlarge.jpg?v=638751793738930000,0.0,90.0,94.46,Café
Café Jacu Do Passarinho 150 Gramas/oferta De Natal,76.0,https://americanas.vtexassets.com/arquivos/ids/15983205/7494525131_1_xlarge.jpg?v=638754642083000000,0.0,150.0,50.67,Café
Café Juan Valdez Solúvel Colombiano Clássico 95G,,https://americanas.vtexassets.com/arquivos/ids/12101849/7477861361_1_xlarge.jpg?v=638754251385700000,0.0,95.0,,Café
Café 3 Corações Descafeinado A Vácuo Kit 5 Pacotes 250G,,https://americanas.vtexassets.com/arquivos/ids/8133578/7513739318_1_xlarge.jpg?v=638752362711870000,0.0,250.0,,Café
Cafe Tiger Espresso 1Kg Grao,,https://americanas.vtexassets.com/arquivos/ids/25756476/3995131868_1_xlarge.jpg?v=638755495154770000,0.0,1000.0,,Café
"Café em Pó Moído, Coffee Mais, Arara, 250g",52.5,https://americanas.vtexassets.com/arquivos/ids/18512934/7094747286_1_xlarge.jpg?v=638754865940600000,0.0,250.0,21.0,Café
Café Moído lavazza Qualitá Rossa 250g - Rico e Encorpado,,https://americanas.vtexassets.com/arquivos/ids/18617192/7474247447_1_xlarge.jpg?v=638754876141470000,0.0,250.0,,Café
Café Torrado em Grãos Gaggia 500g 100% Arábica,59.99,https://americanas.vtexassets.com/arquivos/ids/20772527/7500053617_1_xlarge.jpg?v=638755089552330000,0.0,500.0,12.0,Café
Café Três Corações Sachê 20G Chocolate Com 50 Unidades,,https://americanas.vtexassets.com/arquivos/ids/26446081/4220642259_1_xlarge.jpg?v=638755545912770000,0.0,20.0,,Café
Café Três Corações Sachê 20G Baunilha Com 50 Unidades,,https://americanas.vtexassets.com/arquivos/ids/2370401/4957146786_1_xlarge.jpg?v=638751044935400000,0.0,20.0,,Café
Café Torrado Em Grãos Gaggia 500G 100% Arábica,87.14,https://americanas.vtexassets.com/arquivos/ids/10371394/7500049065_1_xlarge.jpg?v=638754055582200000,0.0,500.0,17.43,Café
Café Moído Colombiano Juan Valdez Colina 3 Pacotes de 250g,,https://americanas.vtexassets.com/arquivos/ids/19176340/7104557057_1_xlarge.jpg?v=638754928559770000,0.0,250.0,,Café
"Café em Grão, Baggio, Bourbon, 3 Pacotes de 500g",,https://americanas.vtexassets.com/arquivos/ids/30548019/7465770316_1_xlarge.jpg?v=638794236130500000,0.0,500.0,,Café
Café Solúvel Colombiano Juan Valdez Chocolate 3 potes de 95g,,https://americanas.vtexassets.com/arquivos/ids/14848237/7305148541_1_xlarge.jpg?v=638754545855070000,0.0,95.0,,Café
Café Feminino Orgânico em Grãos Coopfam 250g,62.88,https://americanas.vtexassets.com/arquivos/ids/14521917/7356833231_1_xlarge.jpg?v=638754517559400000,0.0,250.0,25.15,Café
"Café Latte, A Tal da Castanha e 3 Corações, 200g",12.5,https://americanas.vtexassets.com/arquivos/ids/16310742/7365436675_1_xlarge.jpg?v=638754669530600000,0.0,200.0,6.25,Café
"Café Solúvel Em Sachê Individual Stick Di Capri 1,3G - 400 U",,https://americanas.vtexassets.com/arquivos/ids/27254969/7480255190_1_xlarge.jpg?v=638755604376630000,0.0,3.0,,Café
Café Italiano lavazza Qualitá Oro Moído (Vácuo) 250g,59.99,https://americanas.vtexassets.com/arquivos/ids/28688560/7474045326_1_xlarge.jpg?v=638755717171000000,0.0,250.0,24.0,Café
Café Em Grãos Colombiano Juan Valdez Volcan 250G,76.93,https://americanas.vtexassets.com/arquivos/ids/28359728/7508388809_1_xlarge.jpg?v=638755689310930000,0.0,250.0,30.77,Café
Café Instantâneo em Pó l. A. Coffee kopiko 250g,47.0,https://americanas.vtexassets.com/arquivos/ids/25652335/7515353370_1_xlarge.jpg?v=638755487666800000,0.0,250.0,18.8,Café
Café Italiano lavazza Qualitá Oro Moído 250g - Rico e Suave,63.55,https://americanas.vtexassets.com/arquivos/ids/24098057/7474252552_1_xlarge.jpg?v=638755371357070000,0.0,250.0,25.42,Café
Café em Grãos Colombiano juan valdez Volcan 250g,62.99,https://americanas.vtexassets.com/arquivos/ids/21759312/7508388718_1_xlarge.jpg?v=638755174374600000,0.0,250.0,25.2,Café
"Café em Grão, Baggio, Bourbon, 5 Pacotes de 500g",,https://americanas.vtexassets.com/arquivos/ids/16163171/7465770311_1_xlarge.jpg?v=638754656951700000,0.0,500.0,,Café
Café Gourmet Em Grãos Orgânico Santa Monica - 250G,69.58,https://americanas.vtexassets.com/arquivos/ids/16165663/5286673904_1_xlarge.jpg?v=638754657148770000,0.0,250.0,27.83,Café
Café Instantâneo Em Pó l. A. Coffee Kopiko 250G,51.04,https://americanas.vtexassets.com/arquivos/ids/13810695/7515354220_1_xlarge.jpg?v=638754438093970000,0.0,250.0,20.42,Café
Café Instantâneo Em Pó l. A. Coffee Kopiko 250G,71.32,https://americanas.vtexassets.com/arquivos/ids/13524842/7515354224_1_xlarge.jpg?v=638754409427830000,0.0,250.0,28.53,Café
Café Italiano lavazza Qualitá Oro Moído 250g - Rico e Suave,,https://americanas.vtexassets.com/arquivos/ids/12510725/7492680826_1_xlarge.jpg?v=638754305823300000,0.0,250.0,,Café
Café lavazza Qualitá Rossa Moído 250g - Aroma Intenso,,https://americanas.vtexassets.com/arquivos/ids/11790972/7493425436_1_xlarge.jpg?v=638754216334100000,0.0,250.0,,Café
Café Nescafé Original 100g Café Nescafé Original,34.79,https://americanas.vtexassets.com/arquivos/ids/11570300/2811196211_1_xlarge.jpg?v=638754190303730000,0.0,100.0,34.79,Café
Café 3 Corações Tradicional A Vácuo Kit 20 Pacotes De 500G,,https://americanas.vtexassets.com/arquivos/ids/10562583/7514176040_1_xlarge.jpg?v=638754077124670000,0.0,500.0,,Café
Café Pelé Extra Forte A Vácuo 250G,74.05,https://americanas.vtexassets.com/arquivos/ids/10522242/7509080695_1_xlarge.jpg?v=638754072375900000,0.0,250.0,29.62,Café
Café Pelé Extra Forte A Vácuo 250G,37.73,https://americanas.vtexassets.com/arquivos/ids/9504599/7508304151_1_xlarge.jpg?v=638752513575500000,,250.0,15.09,Café
Café 3 Corações Tradicional A Vácuo Kit 3 Pacotes De 500G,,https://americanas.vtexassets.com/arquivos/ids/3849212/7513744135_1_xlarge.jpg?v=638751196135170000,,500.0,,Café
Café Moido 3CORAÇÕES Gourmet Sul de Minas 250g,42.99,https://americanas.vtexassets.com/arquivos/ids/3460462/7497103510_1_xlarge.jpg?v=638751155272370000,,250.0,17.2,Café
Café Moído Illy Arabica Cerrado Mineiro Kit 6 Latas 250g,,https://americanas.vtexassets.com/arquivos/ids/3047635/7477859954_1_xlarge.jpg?v=638751112005070000,,250.0,,Café
"Café Em Grão, Baggio, 5 Pacotes De 500G, Espresso",,https://americanas.vtexassets.com/arquivos/ids/12391798/7506467882_1_xlarge.jpg?v=638754291481730000,,500.0,,Café
"Café Em Grão, Baggio, 5 Pacotes De 500G, Bourbon",,https://americanas.vtexassets.com/arquivos/ids/27327564/7506312737_1_xlarge.jpg?v=638755609079200000,,500.0,,Café
Café Torrado Em Grãos Pct. 250G,57.72,https://americanas.vtexassets.com/arquivos/ids/11260122/7473984817_1_xlarge.jpg?v=638754155989870000,,250.0,23.09,Café
Café Illy Clássico Torrado E Moído Kit 5 Latas 250G,,https://americanas.vtexassets.com/arquivos/ids/6634677/7513735010_1_xlarge.jpg?v=638751664737500000,,250.0,,Café
"Café em Grão, Illy, 3 Latas de 250g",,https://americanas.vtexassets.com/arquivos/ids/859763/5330313747_1_xlarge.jpg?v=638750881265770000,,250.0,,Café
Café em Grãos Illy Brasile Cerrado Mineiro Kit 6 Latas 250g,,https://americanas.vtexassets.com/arquivos/ids/3691317/7475843015_1_xlarge.jpg?v=638751179196370000,,250.0,,Café
Café Gourmet Torrado E Moído Santa Monica - 250G,58.28,https://americanas.vtexassets.com/arquivos/ids/4953726/5102261316_1_xlarge.jpg?v=638751321579100000,,250.0,23.31,Café
Café O Bridge Brooklyn 250g Torra Média 84pts,45.9,https://americanas.vtexassets.com/arquivos/ids/25102461/7472202547_1_xlarge.jpg?v=638755446683700000,,250.0,18.36,Café
Café Pilão Torrado E Moído Tradicional 10 Pacotes De 250G,,https://americanas.vtexassets.com/arquivos/ids/22094987/7503971184_1_xlarge.jpg?v=638755201516500000,0.0,250.0,,Café
"Café Di Capri Stick Sachê 1,3g - Pacote 40 unid.",65.99,https://americanas.vtexassets.com/arquivos/ids/12608984/7473372535_1_xlarge.jpg?v=638754316625900000,0.0,3.0,2199.67,Café
"Café Em Pó Moído, Cerrado Mineiro, Coffee Mais, 250G",,https://americanas.vtexassets.com/arquivos/ids/27144856/7514784711_1_xlarge.jpg?v=638755596685070000,0.0,250.0,,Café
"Café Moído, Bourbon Amarelo, Orfeu, 250G",98.39,https://americanas.vtexassets.com/arquivos/ids/29847510/6930266665_1_xlarge.jpg?v=638755813493930000,0.0,250.0,39.36,Café
Café Torrado e Moído Qualità Oro lavazza 250g,55.25,https://americanas.vtexassets.com/arquivos/ids/11577605/7321634987_1_xlarge.jpg?v=638754191502230000,0.0,250.0,22.1,Café
"Café em Grão, Illy Selection, 2 Latas de 250g",,https://americanas.vtexassets.com/arquivos/ids/12286729/5335267840_1_xlarge.jpg?v=638754275704100000,0.0,250.0,,Café
Café Espresso Clássico lavazza 57g,48.57,https://americanas.vtexassets.com/arquivos/ids/3001152/7495105506_1_xlarge.jpg?v=638751106699570000,0.0,57.0,85.21,Café
Café Em Pó Baggio - 6 Pacotes - 1.500g - Café Gourmet Arábica Moído,,https://americanas.vtexassets.com/arquivos/ids/30550591/1952173929_1_xlarge.jpg?v=638794236743000000,0.0,500.0,,Café
"Café Moído, Illy, Intenso, Lata 125g",36.9,https://americanas.vtexassets.com/arquivos/ids/13689880/5271873575_1_xlarge.jpg?v=638754426038000000,0.0,125.0,29.52,Café
Café Solúvel Colombiano Juan Valdez Chocolate 5 potes de 95g,,https://americanas.vtexassets.com/arquivos/ids/19802484/7305149623_1_xlarge.jpg?v=638754990494230000,0.0,95.0,,Café
"Café Em Grão, 250G, Orfeu, Clássico",73.3,https://americanas.vtexassets.com/arquivos/ids/10504253/5601908698_1_xlarge.jpg?v=638754070354430000,0.0,250.0,29.32,Café
Café 3 Corações Descafeinado A Vácuo Kit 10 Pacotes 250G,,https://americanas.vtexassets.com/arquivos/ids/23504056/7513739291_1_xlarge.jpg?v=638755320023500000,0.0,250.0,,Café
Café Solúvel - Expert Blenders 500g,,https://americanas.vtexassets.com/arquivos/ids/26677016/5318518740_1_xlarge.jpg?v=638755562946270000,0.0,500.0,,Café
Café Espresso Rossa lavazza 57g,42.82,https://americanas.vtexassets.com/arquivos/ids/4922659/7495105510_1_xlarge.jpg?v=638751317338100000,0.0,57.0,75.12,Café
Cafe De Acai 350G,87.42,https://americanas.vtexassets.com/arquivos/ids/24334038/5077448410_1_xlarge.jpg?v=638755389288600000,0.0,350.0,24.98,Café
Cafe grao native organico 500G,,https://americanas.vtexassets.com/arquivos/ids/11108211/7289593053_1_xlarge.jpg?v=638754139189800000,0.0,500.0,,Café
Café Orgânico Moído 250 Gramas Santa Monica,72.22,https://americanas.vtexassets.com/arquivos/ids/24477468/5260954177_1_xlarge.jpg?v=638755400270470000,0.0,250.0,28.89,Café
Café Matinal com Sabor Chai de 180g da power coffee puravida,,https://americanas.vtexassets.com/arquivos/ids/10053884/7502789074_1_xlarge.jpg?v=638754007434770000,0.0,180.0,,Café
Café Gourmet Moído pra Francesa Expert Blenders 250g,51.0,https://americanas.vtexassets.com/arquivos/ids/16890669/4102635120_1_xlarge.jpg?v=638754719789300000,0.0,250.0,20.4,Café
"Café em Grão, Illy Selection, Guatemala, Lata 250g",72.9,https://americanas.vtexassets.com/arquivos/ids/17926620/5335459091_1_xlarge.jpg?v=638754811513430000,0.0,250.0,29.16,Café
"Café Aromatizado, Café Em Pó Baggio, 4 Pacotes, 1.000G",,https://americanas.vtexassets.com/arquivos/ids/1582851/1964465654_1_xlarge.jpg?v=638750967190870000,0.0,0.0,,Café
"Café Em Grão, Baggio, 3 Pacotes De 500G, Bourbon",,https://americanas.vtexassets.com/arquivos/ids/22197567/7506910066_1_xlarge.jpg?v=638755211064070000,0.0,500.0,,Café
Café Illy Descafeinado Espresso Kit 5 Latas 125G,,https://americanas.vtexassets.com/arquivos/ids/15828788/7513736221_1_xlarge.jpg?v=638754629539970000,0.0,125.0,,Café
Café Feminino Orgânico Moído Coopfam 250g,59.88,https://americanas.vtexassets.com/arquivos/ids/12426745/7356833257_1_xlarge.jpg?v=638754296473600000,0.0,250.0,23.95,Café
Café Solúvel Liofilizado Vidro granno 100g,45.08,https://americanas.vtexassets.com/arquivos/ids/10005862/7461259768_1_xlarge.jpg?v=638754002407670000,0.0,100.0,45.08,Café
Café lavazza Descafeinado Capsulas 58g 10und,53.99,https://americanas.vtexassets.com/arquivos/ids/4739569/7499937338_1_xlarge.jpg?v=638751295993370000,0.0,58.0,93.09,Café
"Café Moído Importado, 3 Pacotes De 250G, Delta, Vietnam",,https://americanas.vtexassets.com/arquivos/ids/8709873/7506478472_1_xlarge.jpg?v=638752413523600000,0.0,250.0,,Café
Café Moído Illy Arabica Brasile Cerrado Mineiro 3 Latas 250g,,https://americanas.vtexassets.com/arquivos/ids/9815794/7475843205_1_xlarge.jpg?v=638752552743470000,0.0,250.0,,Café
Café Três Corações Extra Forte Moído Kit 5 Pacotes 500G,,https://americanas.vtexassets.com/arquivos/ids/3638311/7498801064_1_xlarge.jpg?v=638751173601900000,0.0,500.0,,Café
Café Espresso Intenso lavazza 57g,53.67,https://americanas.vtexassets.com/arquivos/ids/13120187/7495105479_1_xlarge.jpg?v=638754369156700000,0.0,57.0,94.16,Café
"Café Em Grão, Guatemala, Illy Selection, Lata 250G",,https://americanas.vtexassets.com/arquivos/ids/19187837/6930983795_1_xlarge.jpg?v=638754929964230000,0.0,250.0,,Café
Café + mu cappuccino com canela E pimenta whey 200G,39.99,https://americanas.vtexassets.com/arquivos/ids/17357430/2998188384_1_xlarge.jpg?v=638754760471600000,0.0,200.0,20.0,Cappuccino
Café Illy Descafeinado Espresso Kit 3 Latas 125G,,https://americanas.vtexassets.com/arquivos/ids/11749911/7513736064_1_xlarge.jpg?v=638754211065230000,0.0,125.0,,Café
"Café Solúvel Em Sachê Individual Stick Di Capri 1,3G - 200 U",,https://americanas.vtexassets.com/arquivos/ids/23636755/7467919462_1_xlarge.jpg?v=638755335086470000,0.0,3.0,,Café
Café Illy Clássico Torrado E Moído Kit 10 Latas 250G,,https://americanas.vtexassets.com/arquivos/ids/10653314/7513735482_1_xlarge.jpg?v=638754087214270000,0.0,250.0,,Café
"Café Em Grão, Baggio, 3 Pacotes De 500G, Espresso",,https://americanas.vtexassets.com/arquivos/ids/13359879/7507003567_1_xlarge.jpg?v=638754393571670000,0.0,500.0,,Café
Café Cappuccino 3 Corações Light Sache 14g (10 und),33.99,https://americanas.vtexassets.com/arquivos/ids/28947761/7503115882_1_xlarge.jpg?v=638755740268300000,0.0,14.0,242.79,Cappuccino
Café Saboroso 3 Corações Tradicional Vácuo 500G Kit 5,,https://americanas.vtexassets.com/arquivos/ids/24608812/4857241057_1_xlarge.jpg?v=638755409856300000,0.0,500.0,,Café
Café Solúvel Vanicanela Juan Valdez Kit 5 Vidros De 95G,,https://americanas.vtexassets.com/arquivos/ids/12955291/7513748025_1_xlarge.jpg?v=638754351749200000,0.0,95.0,,Café
Café Pilão Torrado E Moído Tradicional 20 Pacotes De 250G,,https://americanas.vtexassets.com/arquivos/ids/7696591/7503971180_1_xlarge.jpg?v=638751776060900000,0.0,250.0,,Café
Cafe caps lor espresso indonesia 52G,29.26,https://americanas.vtexassets.com/arquivos/ids/28890602/7335883141_1_xlarge.jpg?v=638792364640030000,0.0,52.0,56.27,Café
Café Illy Brasile Cerrado Mineiro 250g - Kit 3 Latas,,https://americanas.vtexassets.com/arquivos/ids/2553094/7477861275_1_xlarge.jpg?v=638751062747930000,0.0,250.0,,Café
Café em Grãos Illy Brasile Cerrado Mineiro Kit 3 Latas 250g,,https://americanas.vtexassets.com/arquivos/ids/19708258/7475843053_1_xlarge.jpg?v=638754981897400000,0.0,250.0,,Café
Café Familiar da Terra Sustentável Moído Coopfam 500g,46.88,https://americanas.vtexassets.com/arquivos/ids/6667980/7356833206_1_xlarge.jpg?v=638751668946670000,0.0,500.0,9.38,Café
Café Tenor 20 Sachês bravo café 140g,50.73,https://americanas.vtexassets.com/arquivos/ids/5142883/6782965084_1_xlarge.jpg?v=638751352410270000,0.0,140.0,36.24,Café
Café Illy Descafeinado Espresso Kit 10 Latas 125G,,https://americanas.vtexassets.com/arquivos/ids/16409674/7513736878_1_xlarge.jpg?v=638754677755900000,0.0,125.0,,Café
Café Com Leite Di Capri Sachê 10G Pacote Com 50 Unidades,,https://americanas.vtexassets.com/arquivos/ids/1509421/7509370388_1_xlarge.jpg?v=638750959939530000,0.0,10.0,,Café
Café Especial Torrado em Grãos Intenso baobá 250g,38.3,https://americanas.vtexassets.com/arquivos/ids/16154726/7320028205_1_xlarge.jpg?v=638754656312070000,0.0,250.0,15.32,Café
Cafe caps lor espresso vanilla 52G,29.26,https://americanas.vtexassets.com/arquivos/ids/15296555/7335864871_1_xlarge.jpg?v=638792363759330000,0.0,52.0,56.27,Café
Café 3 Corações Descafeinado A Vácuo Kit 20 Pacotes De 250G,,https://americanas.vtexassets.com/arquivos/ids/17490493/7513739339_1_xlarge.jpg?v=638754772206700000,0.0,250.0,,Café
Café O Bridge Brooklyn 250g Torra Média 84pts,77.45,https://americanas.vtexassets.com/arquivos/ids/26158101/7486156760_1_xlarge.jpg?v=638755524758770000,0.0,250.0,30.98,Café
Café Pilão Torrado E Moído Descafeinado 10 Pacotes De 250G,,https://americanas.vtexassets.com/arquivos/ids/17910921/7498833821_1_xlarge.jpg?v=638754810226930000,0.0,250.0,,Café
"Café Moído, Orfeu, 5 Pacotes de 250g",,https://americanas.vtexassets.com/arquivos/ids/10697247/5608156134_1_xlarge.jpg?v=638754092225830000,0.0,250.0,,Café
Café Lavazza Descafeinado Capsulas 58G 10Und,74.4,https://americanas.vtexassets.com/arquivos/ids/26153788/7500005289_1_xlarge.jpg?v=638755524498600000,0.0,58.0,128.28,Café
"Café Em Grão, 250G, Orfeu, Clássico",93.57,https://americanas.vtexassets.com/arquivos/ids/12346135/6905940081_1_xlarge.jpg?v=638754285463230000,0.0,250.0,37.43,Café
Barra de Chocolate Lacta Intense Amargo 60% Cacau Café 85g,9.99,https://americanas.vtexassets.com/arquivos/ids/453812/1694055321_1SZ.jpg?v=638750825067100000,4.6,85.0,11.75,Café
BALA POCKET CAFE ZERO ACUCAR 23G BALA POCKET ZERO ACUCAR CAFE 12X12UN,3.99,https://americanas.vtexassets.com/arquivos/ids/488571/7469317104_1_xlarge.jpg?v=638750828156700000,0.0,23.0,17.35,Café
Bebida Láctea UHT 15g Proteína Cappuccino Doce de Leite com Café Cacau e Canela Zero Lactose 3 Corações 250ml,8.99,https://americanas.vtexassets.com/arquivos/ids/420465/7468767545_1SZ.jpg?v=638750819821530000,5.0,15.0,59.93,Cappuccino
Barra de Chocolate Hershey's Special Dark Café 60% 85g,8.99,https://americanas.vtexassets.com/arquivos/ids/518444/2564544724_1SZ.jpg?v=638750830734200000,4.9,85.0,10.58,Café
Barra de Chocolate 1891 Café 55% Cacau 90g Neugebauer,11.99,https://americanas.vtexassets.com/arquivos/ids/481248/6479784459_1SZ.jpg?v=638750827553830000,0.0,90.0,13.32,Café
Bala Sam's Café Saco com 45g,3.49,https://americanas.vtexassets.com/arquivos/ids/489579/7088322100_1SZ.jpg?v=638750828242300000,5.0,45.0,7.76,Café
CAP CAFE BAILEYS 110G TRES CORACOES,27.99,https://americanas.vtexassets.com/arquivos/ids/543830/7500795685_1_xlarge.jpg?v=638750836132270000,0.0,110.0,25.45,Café
CAP CAFE DARK ROAST 80G TRES CORACOES,27.99,https://americanas.vtexassets.com/arquivos/ids/543429/7500795664_1_xlarge.jpg?v=638750836108570000,0.0,80.0,34.99,Café
1Kg Café em Grãos Especial Orfeu Clássico 100% Arábica,,https://americanas.vtexassets.com/arquivos/ids/16555429/7514092753_1_xlarge.jpg?v=638754690494870000,0.0,1000.0,,Café
Bala de Café Brazilian Coffee Florestal 500g,15.99,https://americanas.vtexassets.com/arquivos/ids/28980242/5274294747_1_xlarge.jpg?v=638755743206070000,4.0,500.0,3.2,Café
Bala Zero Açúcar Café Coffee Pocket Caixa C/100unid - 230g,32.99,https://americanas.vtexassets.com/arquivos/ids/18704886/7472999273_1_xlarge.jpg?v=638754884417430000,0.0,230.0,14.34,Café
Bala De Café Brazilian Coffee Riclan Pacote 500g Ideal Para Baleiro,19.9,https://americanas.vtexassets.com/arquivos/ids/4163972/5816448246_1_xlarge.jpg?v=638751232522200000,0.0,500.0,3.98,Café
Complemento Alimentar Nutren Senior Sabor Café com Leite 370g,,https://americanas.vtexassets.com/arquivos/ids/5048546/7492446199_1_xlarge.jpg?v=638751333329500000,0.0,370.0,,Café
Kit Café Santa Monica Moído 250G - Gourmet/Intenso,,https://americanas.vtexassets.com/arquivos/ids/25013414/6519158904_1_xlarge.jpg?v=638755439913400000,0.0,250.0,,Café
Chocolate Hershey's Special Dark Café Crocante 85g - Embalagem com 17 Unidades,,https://americanas.vtexassets.com/arquivos/ids/23448293/7513392536_1_xlarge.jpg?v=638755315497400000,0.0,85.0,,Café
"4 Pacotes de 250g, Café Moído, Três Corações Gourmet",,https://americanas.vtexassets.com/arquivos/ids/22571986/2981613903_1_xlarge.jpg?v=638755243585300000,0.0,250.0,,Café
3 Café Com Leite Solúvel Iguaçu Lata 200G,72.64,https://americanas.vtexassets.com/arquivos/ids/14855871/7506945095_1_xlarge.jpg?v=638754546426630000,0.0,200.0,36.32,Café
Bala Café Brazilian Coffee Lata 40g - 3 unidades,43.99,https://americanas.vtexassets.com/arquivos/ids/4935313/7487288994_1_xlarge.jpg?v=638751319119230000,0.0,40.0,109.97,Café
Kit 3Pct Café Em Grãos Colombiano Juan Valdez Volcan 250G,,https://americanas.vtexassets.com/arquivos/ids/11220190/7508389052_1_xlarge.jpg?v=638754151549670000,0.0,250.0,,Café
1Kg Café em Grãos Especial Orfeu Intenso 100% Arábica,,https://americanas.vtexassets.com/arquivos/ids/14243125/7514092739_1_xlarge.jpg?v=638754493096770000,0.0,1000.0,,Café
"2 Pacotes de 250g, Café Moído, Constantino",82.9,https://americanas.vtexassets.com/arquivos/ids/26529054/3030966199_1_xlarge.jpg?v=638755551873330000,0.0,250.0,33.16,Café
250g Café em Grãos Especial Orfeu Bourbon Amarelo 100% Arábica,58.61,https://americanas.vtexassets.com/arquivos/ids/11501238/7514092749_1_xlarge.jpg?v=638754182903100000,0.0,250.0,23.44,Café
"Chocolate Hersheys, 3 Barras 85G Café, Caramel Macchiato",72.17,https://americanas.vtexassets.com/arquivos/ids/26589994/7506266425_1_xlarge.jpg?v=638755556461700000,0.0,85.0,84.91,Café
"Chocolate Hersheys Café, Caramel Macchiato, Barra 85g",12.9,https://americanas.vtexassets.com/arquivos/ids/19354748/7464440774_1_xlarge.jpg?v=638754946421930000,0.0,85.0,15.18,Café
"Chocolate Hersheys Café, Espresso, Barra 85g",12.9,https://americanas.vtexassets.com/arquivos/ids/27316224/7464440781_1_xlarge.jpg?v=638755608392030000,0.0,85.0,15.18,Café
Chocolate Lacta Intense 60% Cacau Café 85g,15.99,https://americanas.vtexassets.com/arquivos/ids/11571133/2811319859_1_xlarge.jpg?v=638754190399430000,0.0,85.0,18.81,Café
Kit 3 Chocolate Lacta Intense 60% Cacau Café 85g,47.97,https://americanas.vtexassets.com/arquivos/ids/13879518/7358251146_1_xlarge.jpg?v=638754444642470000,0.0,85.0,56.44,Café
"Chocolate Hersheys 60% Cacau, Barra 85G Special Dark, Café",29.85,https://americanas.vtexassets.com/arquivos/ids/9480365/7464419620_1_xlarge.jpg?v=638752511040200000,0.0,85.0,35.12,Café
"Chocolate Hersheys Café, Cappuccino, Barra 85g",12.9,https://americanas.vtexassets.com/arquivos/ids/15045928/7464440772_1_xlarge.jpg?v=638754563043400000,0.0,85.0,15.18,Cappuccino
Chocolate Hersheys 60% Cacau 5 Barras 85G Special Dark Café,,https://americanas.vtexassets.com/arquivos/ids/10617511/7464420620_1_xlarge.jpg?v=638754083039000000,0.0,85.0,,Café
"6 Pacotes de 250g, Café Moído, Três Corações Gourmet",,https://americanas.vtexassets.com/arquivos/ids/28274082/2981613866_1_xlarge.jpg?v=638755682725800000,0.0,250.0,,Café
"Chocolate Hersheys, 5 Barras 85G Café, Espresso",,https://americanas.vtexassets.com/arquivos/ids/16556391/7464420265_1_xlarge.jpg?v=638754690566700000,0.0,85.0,,Café
"Chocolate Hersheys, 3 Barras 85G Café, Espresso",92.98,https://americanas.vtexassets.com/arquivos/ids/12442397/7465406196_1_xlarge.jpg?v=638754298068730000,0.0,85.0,109.39,Café
"Chocolate Hersheys, 3 Barras 85G Café, Cappuccino",92.98,https://americanas.vtexassets.com/arquivos/ids/10749595/7464420032_1_xlarge.jpg?v=638754098083770000,0.0,85.0,109.39,Cappuccino
Suplemento alimentar nutridrink protein senior café com leite 380G,67.99,https://americanas.vtexassets.com/arquivos/ids/17589906/7476190512_1_xlarge.jpg?v=638754781492900000,0.0,380.0,17.89,Café
Complemento alimentar nutren senior café com leite 370G,99.49,https://americanas.vtexassets.com/arquivos/ids/9948198/2950052963_1_xlarge.jpg?v=638753996337100000,0.0,370.0,26.89,Café
Doce De Leite Com Café - Rocca - 420G,68.7,https://americanas.vtexassets.com/arquivos/ids/15865668/4995294405_1_xlarge.jpg?v=638754632621570000,0.0,420.0,16.36,Café
"Chocolate Hersheys 60% Cacau, Barra 85G Special Dark, Café",50.13,https://americanas.vtexassets.com/arquivos/ids/12153869/7506482313_1_xlarge.jpg?v=638754257047030000,0.0,85.0,58.98,Café
Villa Café Gourmet - Torrado e Moído - 250g,34.99,https://americanas.vtexassets.com/arquivos/ids/13338345/47473749_1_xlarge.jpg?v=638754391478730000,0.0,250.0,14.0,Café
"Chocolate Hersheys Café, Espresso, 3 Barras 85g",32.5,https://americanas.vtexassets.com/arquivos/ids/10731340/7464440806_1_xlarge.jpg?v=638754096010300000,0.0,85.0,38.24,Café
Nutren Senior Complemento Alimentar Café com Leite 740g Nutren Senior Café com Leite Suplemento Alimentar 740g,,https://americanas.vtexassets.com/arquivos/ids/9314844/2811230635_1_xlarge.jpg?v=638752484697500000,0.0,740.0,,Café
Bala de Café Brazilian Coffee Florestal 500g - 2 pacotes,33.99,https://americanas.vtexassets.com/arquivos/ids/16991910/7491191278_1_xlarge.jpg?v=638754728797430000,0.0,500.0,6.8,Café
Suplemento alimentar nutridrink protein senior café com leite 750G,,https://americanas.vtexassets.com/arquivos/ids/20809285/7476190034_1_xlarge.jpg?v=638755093097200000,0.0,750.0,,Café
Bala Café Coffee Pocket Cremosa Riclan 500g,15.99,https://americanas.vtexassets.com/arquivos/ids/12722613/5646860843_1_xlarge.jpg?v=638754327995000000,0.0,500.0,3.2,Café
Kit Café Santa Monica Moído 250G - Gourmet/Intenso,66.0,https://americanas.vtexassets.com/arquivos/ids/26649449/5649686529_1_xlarge.jpg?v=638755560793530000,0.0,250.0,26.4,Café
Nutren Senior Café Sem Sabor Suplemento Alimentar Lata 370g,,https://americanas.vtexassets.com/arquivos/ids/25999986/7200202176_1_xlarge.jpg?v=638755512960770000,0.0,370.0,,Café
"Kit Café Moído 250G, Três Corações Gourmet, 2 Pacotes",,https://americanas.vtexassets.com/arquivos/ids/3098278/3149489246_1_xlarge.jpg?v=638751116835870000,0.0,250.0,,Café
Bala de Café Brazilian Coffee Florestal 500g - 3 pacotes,49.99,https://americanas.vtexassets.com/arquivos/ids/10945277/7491191284_1_xlarge.jpg?v=638754120341470000,0.0,500.0,10.0,Café
Bala de Café Florestal Brazilian Coffee Pacote 500gr- 2un,74.99,https://americanas.vtexassets.com/arquivos/ids/14587943/7484315619_1_xlarge.jpg?v=638754523305930000,0.0,500.0,15.0,Café
"2 Pacotes de 250g, Café Moído, Três Corações Gourmet",72.9,https://americanas.vtexassets.com/arquivos/ids/8598465/2981613760_1_xlarge.jpg?v=638752401533170000,0.0,250.0,29.16,Café
Nutridrink Protein Senior Sabor Café com Leite 750g,,https://americanas.vtexassets.com/arquivos/ids/5573368/7513954226_1_xlarge.jpg?v=638751437137030000,0.0,750.0,,Café
Trufas Belgian Sabor Cafe 150gr,30.5,https://americanas.vtexassets.com/arquivos/ids/18917146/7511940739_1_xlarge.jpg?v=638754904464230000,0.0,150.0,20.33,Café
Bala Café Coffee Pocket Cremosa Riclan 500g - 2 Pacotes,29.99,https://americanas.vtexassets.com/arquivos/ids/6872139/7493994210_1_xlarge.jpg?v=638751690436100000,0.0,500.0,6.0,Café
Açúcar Sachê 5G Demerara Com 400 Caravelas Natural Café Chá,49.88,https://americanas.vtexassets.com/arquivos/ids/28778211/6043432313_1_xlarge.jpg?v=638755725815770000,0.0,5.0,997.6,Café
"Chocolate Hersheys 60% Cacau Special Dark, Café, Barra 85g",12.9,https://americanas.vtexassets.com/arquivos/ids/30592850/7464440756_1_xlarge.jpg?v=638794248361870000,0.0,85.0,15.18,Café
Creme para Café coffee mate Nestlé 1 Kg,,https://americanas.vtexassets.com/arquivos/ids/22363862/7504716819_1_xlarge.jpg?v=638755226317600000,0.0,1000.0,,Café
"Chocolate Hersheys Café, Macchiato, Caixa com 12 Barras 85g",,https://americanas.vtexassets.com/arquivos/ids/8350542/7464440754_1_xlarge.jpg?v=638752379217230000,0.0,85.0,,Café
250g Café Torrado e Moído Orfeu Clássico Especial 100% Arábica,62.31,https://americanas.vtexassets.com/arquivos/ids/15693890/7514092745_1_xlarge.jpg?v=638754618180730000,0.0,250.0,24.92,Café
Nescafé - Café Solúvel Vending Rende 19 Ltr - 500G,,https://americanas.vtexassets.com/arquivos/ids/17969687/7380148508_1_xlarge.jpg?v=638754815629670000,0.0,500.0,,Café
"Chocolate Hersheys Café, Caramel Macchiato, 5 Barras 85g",52.5,https://americanas.vtexassets.com/arquivos/ids/24942795/7464440768_1_xlarge.jpg?v=638755434682400000,0.0,85.0,61.76,Café
Biscoito Doce de Café Coffee Joy 78g Mayora,17.5,https://americanas.vtexassets.com/arquivos/ids/28601879/7487166551_1_xlarge.jpg?v=638755710073500000,0.0,78.0,22.44,Café
"2 Pacotes de 250g, Café em Grão, Constantino",82.9,https://americanas.vtexassets.com/arquivos/ids/17839608/3030961822_1_xlarge.jpg?v=638754804163100000,0.0,250.0,33.16,Café
"Kit Café Moído 250G, Três Corações Gourmet, 5 Pacotes",,https://americanas.vtexassets.com/arquivos/ids/18019799/3149517083_1_xlarge.jpg?v=638754820015900000,0.0,250.0,,Café
"Chocolate Hersheys Café, Caramel Macchiato, 3 Barras 85g",32.5,https://americanas.vtexassets.com/arquivos/ids/13764094/7464440778_1_xlarge.jpg?v=638754433641600000,0.0,85.0,38.24,Café
"Oh, My Crispy De Coco Assado Vegano Proteico 75G Sabor Café",50.97,https://americanas.vtexassets.com/arquivos/ids/24129722/7478027677_1_xlarge.jpg?v=638755373970230000,0.0,75.0,67.96,Café
250g Café em Grãos Especial Orfeu Arara 100% Arábica,65.33,https://americanas.vtexassets.com/arquivos/ids/23805221/7514092743_1_xlarge.jpg?v=638755349080870000,0.0,250.0,26.13,Café
Cappuccino Tradicional Villa Café 180G,51.2,https://americanas.vtexassets.com/arquivos/ids/7813121/5097681665_1_xlarge.jpg?v=638751785865900000,0.0,180.0,28.44,Cappuccino
Valda friends café 25G,6.99,https://americanas.vtexassets.com/arquivos/ids/2142812/5358803457_1_xlarge.jpg?v=638751022601800000,0.0,25.0,27.96,Café
250g Café em grãos Especial Orfeu Acauã 100% Arábica,65.33,https://americanas.vtexassets.com/arquivos/ids/23190644/7514092729_1_xlarge.jpg?v=638755295409330000,0.0,250.0,26.13,Café
5 Pacotes Balas Dura de Café Brazilian Coffe Florestal 500g,,https://americanas.vtexassets.com/arquivos/ids/6202641/7484315679_1_xlarge.jpg?v=638751616864170000,0.0,500.0,,Café
Nutridrink Protein Senior Café 380g - Fortaleça A Imunidade,,https://americanas.vtexassets.com/arquivos/ids/11014021/7481184842_1_xlarge.jpg?v=638754128365800000,0.0,380.0,,Café
Cappuccino + Café Com Leite Em Pó 3 Corações Vending - 1Kg,,https://americanas.vtexassets.com/arquivos/ids/25504423/7383486246_1_xlarge.jpg?v=638755476620870000,0.0,1000.0,,Cappuccino
Biscoito doce de Café Coffee Joy 78g Mayora (8 Pacotes),,https://americanas.vtexassets.com/arquivos/ids/4340768/7487166552_1_xlarge.jpg?v=638751251665800000,0.0,78.0,,Café
Kit Café Iguaçu Solúvel Em Pó Lata 200G Caixa C/6 Unidades,,https://americanas.vtexassets.com/arquivos/ids/6433358/4967378661_1_xlarge.jpg?v=638751641213230000,0.0,200.0,,Café
250g Café Torrado e Moído Especial Orfeu Arara 100% Arábica,65.33,https://americanas.vtexassets.com/arquivos/ids/26222687/7514092741_1_xlarge.jpg?v=638755529495470000,0.0,250.0,26.13,Café
"Chocolate Hersheys Café, Espresso, Caixa com 12 Barras 85g",,https://americanas.vtexassets.com/arquivos/ids/29990453/7464440744_1_xlarge.jpg?v=638755823903630000,0.0,85.0,,Café
2Pct Bala De Café Florestal Brazilian Coffee Pacote 500Gr,74.99,https://americanas.vtexassets.com/arquivos/ids/21048347/7482625448_1_xlarge.jpg?v=638755115325270000,0.0,500.0,15.0,Café
"10 Pacotes de 250g, Café Moído, Três Corações Gourmet",,https://americanas.vtexassets.com/arquivos/ids/13800328/2981613962_1_xlarge.jpg?v=638754437232430000,0.0,250.0,,Café
Mistura Café Com Leite Em Sachê 3 Corações 20G - 10 Und,44.8,https://americanas.vtexassets.com/arquivos/ids/3131271/7481078737_1_xlarge.jpg?v=638751120365930000,0.0,20.0,224.0,Café
Crema Café Leite Em Pó Di Capri Sachê 7G 25 Unidades,55.63,https://americanas.vtexassets.com/arquivos/ids/6596139/6013490483_1_xlarge.jpg?v=638751660800330000,0.0,7.0,794.71,Café
Bala De Café Florestal Brazilian Coffee Pacote 500Gr-2Pct,74.99,https://americanas.vtexassets.com/arquivos/ids/2750606/7482625415_1_xlarge.jpg?v=638751082294070000,0.0,500.0,15.0,Café
500g Café Espresso em Grãos Especial Gaggia 100% Arábica,,https://americanas.vtexassets.com/arquivos/ids/20185513/7514092615_1_xlarge.jpg?v=638755031988170000,0.0,500.0,,Café
2pct Bala de Café Florestal Brazilian Coffee Pacote 500gr,74.99,https://americanas.vtexassets.com/arquivos/ids/18703793/7484315689_1_xlarge.jpg?v=638754884326330000,0.0,500.0,15.0,Café
Kit 3und Café Cappuccino 3 Corações Light Sache 14g (10 und),,https://americanas.vtexassets.com/arquivos/ids/2729176/7503117083_1_xlarge.jpg?v=638751080112170000,0.0,14.0,,Cappuccino
"Kit 4 Café Moído 250G, Três Corações Gourmet",,https://americanas.vtexassets.com/arquivos/ids/20804536/3159571083_1_xlarge.jpg?v=638755092610930000,0.0,250.0,,Café
Mistura Café Com Leite Em Sachê 3 Corações 20G - 10 Und,27.62,https://americanas.vtexassets.com/arquivos/ids/24059120/7199967154_1_xlarge.jpg?v=638755368457630000,0.0,20.0,138.1,Café
Kit 6 Café Iguaçu Extra Forte Em Pó Solúvel Cremoso - 200G,,https://americanas.vtexassets.com/arquivos/ids/24120209/4839254823_1_xlarge.jpg?v=638755373310130000,0.0,200.0,,Café
Kit 2 Café De Açaí 500 Gramas Sem Gluten 100% Natural,,https://americanas.vtexassets.com/arquivos/ids/12593642/4661834387_1_xlarge.jpg?v=638754314917630000,0.0,500.0,,Café
250g Café em Grãos Especial Orfeu Intenso 100% Arábica,65.33,https://americanas.vtexassets.com/arquivos/ids/26149731/7514092737_1_xlarge.jpg?v=638755524078530000,0.0,250.0,26.13,Café
250g Café em Grãos Especial Orfeu Clássico 100% Arábica,65.33,https://americanas.vtexassets.com/arquivos/ids/8227290/7514092723_1_xlarge.jpg?v=638752369666100000,0.0,250.0,26.13,Café
1000 Embalagens Sacos Kraft Café Torrado Moído Na Hora 500g,,https://americanas.vtexassets.com/arquivos/ids/3776928/7499307678_1_xlarge.jpg?v=638751188427300000,0.0,500.0,,Café
1Kg Café Expresso em grãos Morro Grande 100% Arábica Gourmet,,https://americanas.vtexassets.com/arquivos/ids/22363779/7514092671_1_xlarge.jpg?v=638755226315700000,0.0,1000.0,,Café
Kit 3 Cafe 3Coracoes Tradic. 500Gr Almofada,,https://americanas.vtexassets.com/arquivos/ids/8408687/7500128648_1_xlarge.jpg?v=638752384345400000,0.0,500.0,,Café
250g Café torrado e moído Orfeu Intenso 100% Arábica,62.31,https://americanas.vtexassets.com/arquivos/ids/21423121/7514092735_1_xlarge.jpg?v=638755148037870000,0.0,250.0,24.92,Café
Complemento Alimentar Nutren Senior Café com Leite 370g,,https://americanas.vtexassets.com/arquivos/ids/26070854/5397081987_1_xlarge.jpg?v=638755518199030000,0.0,370.0,,Café
Kit 9 Cafe Melitta Tradic. 500Gr Vacuo,,https://americanas.vtexassets.com/arquivos/ids/29141110/7505609138_1_xlarge.jpg?v=638755756637230000,0.0,500.0,,Café
"Chocolate Hersheys Café, Espresso, 5 Barras 85g",52.5,https://americanas.vtexassets.com/arquivos/ids/6598369/7464440794_1_xlarge.jpg?v=638751660952830000,0.0,85.0,61.76,Café
Kit 3Und Café Drip 3 Coracoes Tradicional 10 Sachês De 10G,,https://americanas.vtexassets.com/arquivos/ids/29591665/7507125612_1_xlarge.jpg?v=638755791863700000,0.0,10.0,,Café
Kit 3 Café Iguaçu Solúvel Tradicional Em Pó Lata 200G,,https://americanas.vtexassets.com/arquivos/ids/21512315/4849259548_1_xlarge.jpg?v=638755155153330000,5.0,200.0,,Café
Mistura Café Com Leite Em Sachê 3 Corações 20G - 10 Und,47.89,https://americanas.vtexassets.com/arquivos/ids/24761073/7474451551_1_xlarge.jpg?v=638755421083000000,0.0,20.0,239.45,Café
Nutren Senior Sabor Café com Leite 740g,,https://americanas.vtexassets.com/arquivos/ids/27819782/7464307988_1_xlarge.jpg?v=638755645670100000,0.0,740.0,,Café
Kit 6 Cafe Melitta Tradic. 500Gr Vacuo,,https://americanas.vtexassets.com/arquivos/ids/13550327/7504137775_1_xlarge.jpg?v=638754412011300000,0.0,500.0,,Café
"Chocolate Hersheys Café, Cappuccino, 5 Barras 85g",52.5,https://americanas.vtexassets.com/arquivos/ids/4595226/7464440802_1_xlarge.jpg?v=638751280057330000,0.0,85.0,61.76,Cappuccino
250g Café torrado e moído Especial Orfeu Acauã 100% Arábica,65.33,https://americanas.vtexassets.com/arquivos/ids/10150060/7514092725_1_xlarge.jpg?v=638754030042230000,0.0,250.0,26.13,Café
Kit Cappuccino Tradicional Light Café Do Centro 5Kg,,https://americanas.vtexassets.com/arquivos/ids/27159765/5248702268_1_xlarge.jpg?v=638755597635300000,0.0,5000.0,,Cappuccino
Bala De Café Florestal Brazilian Coffee Pacote 500Gr- 2Un,74.99,https://americanas.vtexassets.com/arquivos/ids/18963538/7482624869_1_xlarge.jpg?v=638754908867730000,0.0,500.0,15.0,Café
"Chocolate Hersheys, 5 Barras 85G Café, Cappuccino",,https://americanas.vtexassets.com/arquivos/ids/27943721/7464422978_1_xlarge.jpg?v=638755655635430000,0.0,85.0,,Cappuccino
5 Pacotes Bala De Café Florestal Brazilian Coffee De 500Gr,,https://americanas.vtexassets.com/arquivos/ids/12059795/7493079910_1_xlarge.jpg?v=638754246705200000,0.0,500.0,,Café
Kit c/ 50 Embalagens Kraft p/ Café 500g Stand Up Pouch Zip Kraft Com Alumínio Interno,,https://americanas.vtexassets.com/arquivos/ids/25365853/7499373797_1_xlarge.jpg?v=638755466390370000,0.0,500.0,,Café
Nutren Senior Café Com Leite 370g,,https://americanas.vtexassets.com/arquivos/ids/15799318/7513711861_1_xlarge.jpg?v=638754627147000000,0.0,370.0,,Café
Pó Metálico Marrom Café Ag 100G,55.0,https://americanas.vtexassets.com/arquivos/ids/3607821/7448618757_1_xlarge.jpg?v=638751170357630000,0.0,100.0,55.0,Café
Kit Com 3Und Café Lavazza Descafeinado Capsulas 58G 10Und,,https://americanas.vtexassets.com/arquivos/ids/28824985/7500005434_1_xlarge.jpg?v=638755730205700000,0.0,58.0,,Café
Kit 3Pct Café Moido 3Corações Gourmet Mogiana Paulista 250G,,https://americanas.vtexassets.com/arquivos/ids/26861557/7497505919_1_xlarge.jpg?v=638755576167300000,0.0,250.0,,Café
